alcohol,malic_acid,ash,alcalinity_of_ash,magnesium,total_phenols,flavanoids,nonflavanoid_phenols,proanthocyanins,color_intensity,hue,od280/od315_of_diluted_wines,proline,target
13.93,3.22,2.59,22.34,119.65,1.01,1.2,0.51,1.47,8.84,0.66,1.44,471.91,2
12.27,1.36,2.17,14.44,97.32,2.32,2.71,0.43,1.25,3.97,1.24,2.8,1010,0
12.96,1.97,2.08,17.47,95.76,2.7,2.46,0.44,1.92,3.99,1.19,2.8,1005.83,0
12,0.74,1.54,16.97,158.22,1.7,1.5,-0.15,2.5,2.51,1.2,3.17,698.62,1
12.48,1.77,2.21,19.33,80.08,2.57,2.56,0.44,1.88,4,1.4,3.01,725.11,1
13.3,1.55,1.97,20.48,81.07,2.59,2.17,0.21,1.87,2.39,1.28,3.31,278.11,1
15.62,4.18,2.55,20.52,115.41,2.86,2.83,0.53,1.6,4.58,1.01,3.56,1052.08,0
12.5,2.17,2.62,17.55,94.32,2.71,2.8,0.33,1.09,4.34,1.11,2.82,1072.91,0
13.09,1.24,2.76,18.61,86.16,1.89,2.09,0.25,2.55,2.64,0.54,3.21,506.94,1
11.79,3.99,2.27,21.62,85.26,1.86,1.27,0.86,1.81,5.09,1.07,1.95,534.49,1
14.51,2,2.7,15.76,106.29,2.58,3.55,0.44,2.23,9.52,1.25,2.96,1371.74,0
10.72,2.34,2.38,19.99,93.31,2.9,2.76,0.2,1.92,3.94,0.69,3.15,672.43,1
12.4,1.64,2.23,22.93,96.31,1.7,1.84,0.36,1.58,2.46,1.43,1.99,485,1
12.4,3.5,1.72,17.02,84.02,1.86,0.99,0.26,0.6,2.96,0.26,1.87,399.36,1
12.72,3.41,3.16,19.65,110.67,1.95,0.15,0.64,1.02,5.13,0.83,1.71,704.37,2
12.51,1.43,2.28,14.13,149.12,2.1,2.35,0.45,2.58,3.36,0.97,2.16,751.8,1
11.62,1.37,2.34,20.82,83.96,4,2.68,-0.08,1.56,4.38,0.96,2.52,385.29,1
12.89,1.57,2.61,20.89,99.88,3.01,2.72,0.13,2.25,6.51,1.33,2.4,957.83,0
11.71,5.02,2.52,22.54,92.22,1.36,0.77,0.63,0.54,4.09,0.73,1.33,767.62,2
12.74,5.26,2.36,23.12,93.21,1.88,0.52,0.52,1.31,7.03,0.39,1.66,768.63,2
11.22,1.08,2.64,18.2,101.4,2.7,2.64,0.07,2.19,2.29,0.63,3.71,616.52,1
14.5,1.6,3.04,23.12,95.9,3.47,3.27,0.49,2.2,4.69,1,2.67,1159.54,0
13.16,1.69,1.69,16.12,93.19,2.05,2.54,0.4,1.97,5.19,1.25,3.04,1348.35,0
11.85,3.84,2.12,19.96,87.5,2.48,1.26,0.77,1.01,8.11,0.56,1.56,485.26,2
13.24,1.88,2.17,17.05,89.4,2.57,2.48,0.05,1.84,3.72,1.09,2.92,751.99,1
11.97,4.02,1.89,17.24,122.89,1.41,1.06,0.39,0.79,7.22,0.8,1.86,905.01,2
12.45,0.94,2.51,19.74,105.64,2.75,3.12,0.51,2.21,4.45,1.66,2.15,671.96,1
13.2,2.85,2.25,23.32,81,1.22,0.43,0.6,1.12,10.15,0.75,1.6,621.54,2
11.48,0.67,2.79,20.57,95.48,2.64,1.91,0.77,1.49,2.76,1.07,2.29,460.92,1
13.7,1.69,3.16,15.23,133.98,3.62,2.95,0.22,1.92,5.44,1.07,4.2,1050.17,0
14.25,3.98,2.26,13.07,120.79,3.18,3.42,0.42,2.17,4.8,0.86,3.57,703.57,0
12.61,3.64,2.63,19.86,92.93,2.22,0.92,0.52,1.29,8.36,0.36,1.2,697.23,2
12.34,1.49,2.03,21.07,83.7,1.51,2.09,0.46,1.52,3.61,1.03,3,504.39,1
11.74,2.27,2.34,23.51,99.54,1.02,1.2,-0.02,1.26,5.23,0.68,1.04,562.34,2
13.25,1.59,2.35,17.75,108.03,3.12,3.38,0.4,2.01,9.03,1.22,3.04,1573.14,0
12.68,3.81,2.07,17.03,77.69,1.35,1.39,0.63,1.3,3.01,0.62,2.06,406.74,1
13.07,2.85,2.21,18.87,112.06,1.46,0.77,0.39,0.82,5.42,1.1,1.45,487.45,2
13.5,1.67,1.73,17.38,93.43,2.65,1.1,0.09,0.58,6.36,0.7,1.52,426.13,1
12.83,5.12,2.31,22.59,85.01,1.68,0.38,0.69,1.6,7.82,0.21,1.49,734.91,2
12.47,1.33,2.84,31.15,126.21,3.35,2.54,-0.1,2.16,3.55,1.55,3.36,1050.83,1
13.08,2.55,2.72,17.9,110.74,2.85,3.43,0.46,2.87,6.59,1.1,3.41,1105.41,0
12.7,1.53,2.49,18.5,112.65,2.9,3.65,0.08,1.99,7.07,1.2,3.07,1471.69,0
12.31,3.2,2.93,24.23,98.64,2.45,0.73,0.39,1.07,4.65,1.03,1.79,538.79,2
14.65,1.53,2.06,25.81,85.73,1.48,1.43,0.13,1.32,3.16,1.4,2.57,446.29,1
13.5,1.05,2.24,14.99,140.5,2.28,1.83,0.43,2.72,3.22,1.5,2.66,803.58,1
12.63,3.03,2.65,20.04,100.38,1.81,0.93,0.29,1.7,10.68,0.47,1.42,710.89,2
13.22,2.19,2.62,13.52,94.15,3.27,3.55,-0.02,2.02,5.59,0.87,3.44,1018.49,0
13.72,1.17,2.66,18.51,85.09,2.45,3.37,0.27,1.85,6.24,1.2,3.06,1162.35,0
13.84,1.39,2.04,16.13,128.2,2.29,2.76,0.09,1.42,6.09,0.85,3.61,1081.51,0
15.08,1.4,2.33,15.68,106.5,3.26,2.78,-0.09,1.85,6.43,0.78,3.48,1053.55,0
14.72,3.43,2.54,21.59,93.69,2.07,0.54,0.22,1.02,7.36,0.16,1.52,618.31,2
14.15,1.93,2.71,14.97,124.35,3.92,2.94,0.52,2.07,6.65,0.74,3.7,1023.98,0
11.63,3.2,1.96,17.45,111.98,1.45,1.31,0.3,0.84,2.35,1.07,2.38,531.1,1
13.75,3.64,2.66,20.76,108.78,2.75,2.49,0.84,2.61,2.91,1.37,2.89,437.62,1
13.29,2.5,2.07,18.67,90.54,1.43,0.55,0.79,0.56,10.96,0.47,1.5,459.84,2
13.73,2.16,2.7,19.11,113.24,2.73,3.13,0.07,2.48,6.39,1.03,2.86,1428.74,0
14.09,2.08,2.25,18.84,125.75,2.44,3.06,0.63,1.47,4.66,0.76,3.81,1224.47,0
12.61,1.46,2.66,22.75,79.32,2.95,2.85,0.63,2.22,3.94,0.81,2.96,335.41,1
11.88,2.8,2.52,20.13,117.32,1.69,0.84,0.01,1.45,8.85,0.45,1.45,836.49,2
12.14,2.38,1.91,20.42,91.47,1.68,0.85,0.81,0.83,7.37,0.51,1.43,756.2,2
14.11,3.54,2.2,21.8,103.74,1.27,0.29,0.57,1.31,3.97,0.61,1.66,770.13,2
12.03,4.83,2.59,27.53,105.19,2.27,2.09,0.23,1.55,1.95,1.18,3.62,332.8,1
10.44,2.03,3.18,20.02,78.75,1.86,1.36,0.63,1.37,3.07,1.02,3.21,724.46,1
11.77,1.18,1.89,17.49,87.05,3.79,3.93,0.44,2.23,4.26,0.94,2.6,647.06,1
14.24,1.99,2.37,19.28,116.42,2.93,2.96,0.16,2.66,5.82,1.07,3,1163.65,0
14.25,1.61,2.85,23.57,90.35,2.3,0.8,0.61,2.53,12.46,0.55,1.96,639.52,2
13,1.23,2.69,14.79,119.08,3.44,3.32,0.33,1.93,6.99,0.9,3.56,791.72,0
11.69,4.82,2.88,21.14,93.49,1.22,0.35,0.62,0.68,4.16,0.94,1.24,687.01,2
12.71,1.49,2.49,20.27,100.57,1.99,1.84,0.24,1.58,3,1.55,2.14,387.48,1
13.96,1.47,2.28,26.64,103.81,2.82,1.47,0.79,2.69,12.13,0.66,1.76,662.46,2
12.15,2.08,3.35,22.7,119.28,2.96,2.6,0.31,2.03,4.05,0.87,3.22,803.59,0
12.76,3.8,2.49,21.86,110.78,1.8,1.11,0.37,0.75,4.57,0.7,1.45,550.29,2
12.63,3.07,2.22,19.29,85.26,1.81,0.59,0.6,0.77,6.4,0.77,2.16,602.11,2
13.6,1.94,2.34,13.49,113.98,3.53,3.42,0.21,2.07,6.32,0.87,3.12,1212.78,0
13.48,2.73,2.73,22.39,115.34,1.65,0.86,0.1,1.94,7.7,1.23,1.76,693.94,2
10.39,1.56,2.44,27.81,91.98,1.82,1.06,0.49,1.17,2.77,1.48,3.74,618.35,1
11.54,1.1,1.51,14.96,145.62,1.77,1.87,0.16,2.78,3.29,1.18,2.09,814.85,1
12.41,1.78,3.04,17.52,115.12,3.15,3.28,0.47,1.75,7.72,1.47,2.97,1598.3,0
11.99,3.89,2.35,19.62,99.24,2.33,2.36,0.24,2.08,4.57,1.18,3.52,765.11,0
11.58,1.11,2.06,18.55,101.61,1.68,0.58,0.86,1.26,8.3,0.58,1.67,657.97,2
14.98,1.99,2.18,17.98,107.08,2.45,3.44,0.08,1.94,9.94,1.03,3.12,1299.14,0
13.33,2.84,2.47,19.45,84.14,3.12,2.16,-0.05,1.04,1.56,1.22,2.68,318.04,1
11.03,1.26,2.96,21.94,83.57,2.24,2.11,0.52,1.17,2.59,0.52,3.55,374.07,1
14.48,1.88,2.29,16.18,115.93,3.27,3.2,0.38,2.1,9.59,1.19,3.39,1277.84,0
13.79,1.43,2.34,22.03,108.14,3.12,3.06,0.23,2.71,6.01,1.15,2.98,1225.8,0
14.14,2.37,2.59,15.82,105.25,3.52,3.08,-0.22,1.58,5.52,1.02,2.96,1185.62,0
12.62,2.77,3,23.6,129.41,1.2,1.42,0.13,1.01,8.07,0.77,1.5,535.85,2
13.39,1.62,1.72,24.38,97.29,1.55,1.18,0.47,1.64,2.21,1.23,2.62,506.13,1
13.91,0.61,1.46,15.67,88.57,2.21,2,0.96,1.9,4.64,1.08,2.53,358.66,1
13.01,1.89,2.78,19.33,98.45,3.3,3.55,0.76,2.87,5.79,1.17,3.32,1268.16,0
12.3,1.11,1.79,14.1,143.66,1.47,1.82,0.19,2.58,3.53,1.03,2.52,772.39,1
13.37,1.33,2,19.64,81.39,1.7,1.55,0.51,1.49,2.54,1.17,2.56,583.68,1
12.3,1.22,2.28,21.59,99.09,2.78,3.22,0.2,3.14,2.36,0.9,3.65,713.42,1
13.12,5.45,2.17,20.69,94.07,1.28,0.79,0.24,0.99,7.98,0.87,1.51,687.6,2
11.7,1.16,2.01,15.15,81.36,2.25,2.56,0.24,1.71,3.06,1.06,2.94,440.93,1
12.84,3.33,2.57,21.77,112.38,1.9,0.79,0.37,1.07,5.26,0.71,1.9,533.96,2
13.3,1.11,1.86,16.86,157.97,2.21,1.26,0.15,2.41,2.98,1.16,3.31,756.95,1
11.76,5.44,2.9,26.01,100.85,1.68,0.32,0.75,1.45,5.25,0.55,1.76,519.63,2
14.37,4.24,2.21,21.64,100.42,1.59,0.81,0.5,1.37,6.93,0.71,1.37,717.46,2
14.46,4.54,2.28,19.91,72.49,0.91,0.62,0.35,0.58,5.1,0.65,1.48,444.62,2
14.35,1.83,2.72,16.36,108.88,3.24,3.58,0.22,1.31,5.36,0.66,3.59,1060.9,0
15.13,3.6,2.76,24.29,104.5,2.01,0.94,0.42,1.48,7.43,0.21,1.33,758.89,2
13.69,2.16,3.03,17.24,107.37,2.29,2.68,0.31,1.29,4.09,1.35,2.67,1067.59,0
14.03,3.25,2.38,19.04,112.41,1.24,0.76,0.04,0.41,5.43,0.95,1.75,729.73,2
14.07,3.93,2.67,20.76,106.65,1.48,1.11,-0.05,1.02,4.64,0.86,1.14,635.62,2
12.39,1.86,2.29,19.56,87.84,1.91,1.71,0.56,1.82,2.23,0.99,2.07,442.48,1
11.45,1.46,2.41,17.88,83.53,3.62,2.97,0.14,1.66,3.91,1.01,2.56,460.13,1
14,2.86,2.8,20.81,88.31,1.22,0.27,0.49,0.76,4.07,1.03,2.26,550.2,2
14.49,5.04,2.32,21.4,87,0.94,-0.03,0.29,1.09,5.14,0.62,1.46,426.93,2
13.15,0.99,2.55,15.89,106.95,2.18,0.94,0.38,0.45,3.18,1.13,1.19,721.96,1
12.76,1.06,2.04,15.85,92.86,2.31,0.61,0.92,1.15,4.88,0.9,1.31,604.4,2
15.12,1.47,2.8,23.03,99.72,2.77,3.21,0.38,2.24,6.43,1.11,2.7,1381.89,0
11.07,1.51,1.79,15.32,163.39,1.95,0.78,-0.07,2.53,2.65,1.21,3.51,768.91,1
14.41,2.17,2.62,15.21,106.97,3.35,3.75,0.52,2.13,8.27,1.03,3.15,1359.13,0
14.34,1.57,2.2,14.7,114.67,4.08,3.59,0.25,1.67,7.36,1.18,3,1216.78,0
14.42,1.75,1.84,18.67,104.86,2.9,2.99,0.27,2.05,4.84,0.7,2.97,916.08,0
13.54,1.92,2.68,14.78,118.78,3.14,2.7,0.18,1.37,4.45,1.07,3.16,939.82,0
11.84,1.35,1.55,19.78,112.82,0.97,1.1,0.62,1.54,2.7,0.96,1.63,904.26,1
12.87,1.68,2.04,18.07,172.84,2.4,2.32,0.31,3.47,2.55,0.98,2.68,903.82,1
13.7,4.12,2.42,20.43,106.6,2.44,2.51,0.36,2.17,4.83,0.84,3.95,843,0
12.62,2.83,2.19,23.96,95.19,1.34,0.81,-0.03,1.24,9.27,0.62,1.63,580.09,2
16.03,1.93,2.49,11.83,89.26,3.71,3.64,0.55,2.72,5.3,1.53,2.95,1250.73,0
12.08,0.83,1.83,16.78,91.63,1.62,1.97,-0.04,1.24,4.27,1.26,2.65,354.74,1
13.22,4.35,2.05,22.4,87.77,1.48,0.12,0.74,1.37,7.69,0.55,1.99,514.02,2
13.85,1.66,2.04,15.3,93.23,2.48,2.98,0.06,1.71,4.71,0.88,3.05,1224.55,0
13.35,2.43,2.53,18.77,85.33,1.63,0.6,0.18,1.05,10.91,0.64,1.45,683.18,2
13.86,4.55,2.35,19.42,118.75,1.58,0.79,0.43,1.67,10.91,0.64,1.43,878.82,2
11.82,4.31,2.15,22.59,76.41,2.9,3.14,0.08,2.73,3.2,0.67,3.77,349.04,1
12.78,1.87,2.23,20.44,107.04,2.76,2.38,0.3,1.82,4.93,1.29,3.18,908.26,0
13.25,1.86,2.9,24.61,90.08,1.79,1.58,0.68,1.87,3.03,1.68,2.05,452.35,1
10.74,0.8,2.58,21.5,75.05,2.03,1.48,-0.05,1.32,2.18,1.3,2.76,674.7,1
13.24,1.62,2.9,18.03,123.44,3.13,2.52,0.37,1.54,6.92,1.5,3.1,1471.55,0
15.02,1.98,2.22,15.68,100.49,2.54,2.39,0.2,2.07,5.76,0.99,4.03,1200.13,0
11.67,1.66,2.55,19.01,162.49,2.64,1.85,0.28,3.3,2.72,1.11,2.63,930.28,1
12.24,4.09,2.26,20.24,74.76,3.15,3.01,0.42,3.38,2.83,0.79,3.24,400.52,1
14.57,1.23,2.99,24.54,102.91,2.82,1.16,0.51,2.71,12.41,0.62,1.94,707.73,2
13.97,1.57,2.33,12.08,92.75,2.89,3.25,0.24,3.06,7.65,1.23,3.47,1676.37,0
13.73,2.15,2.45,21.97,105.23,1.39,0.95,0.35,1.23,5.57,0.8,1.24,518.76,2
11.96,2.67,2.06,22.43,95.1,2.83,2.13,0.27,1.2,2.37,1.03,2.8,334.85,1
14.24,3.72,2.07,18.89,90.97,2.1,2.86,0.32,2.02,3.71,1.08,3.42,1119.84,0
13.66,1.39,2.26,19.82,100.63,2.02,2.02,0.47,1.73,2.86,0.68,2.94,304.74,1
13.12,2.61,2.94,27.49,96.27,2.09,0.28,0.39,1.22,7.93,0.64,1.82,892.59,2
14.1,1.89,2.31,16.36,107.99,3.62,3.2,0,2.3,5.94,0.73,3.37,932.22,0
12.92,3.67,2.89,14.32,106.52,2.87,2.75,0.56,1.78,4.98,1.01,3.45,799.01,0
12.74,3.53,2.27,21.75,105.08,1.57,1.2,0.77,0.95,10.17,0.81,1.54,637.55,2
11.22,3.23,1.89,19.83,103.86,1.34,0.79,0.08,0.83,5.42,0.64,1.78,512,2
13.26,1.96,2.96,22.02,99.64,2.47,2.38,0.39,1.48,4.08,1.33,3.81,843.1,0
14.37,1.63,2.06,17.08,119.24,3.57,2.96,-0.03,1.99,6.83,0.8,2.87,968.55,0
14.1,4.75,2.25,23.52,101.89,1.4,0.69,0.33,1.73,8.4,0.63,1.46,725.64,2
13.79,0.69,1.61,14.79,72.29,3.24,2.87,-0.09,2.44,5.68,1.14,3.17,487.44,1
12.3,1.78,2.32,19.52,88.24,2.06,1.69,0.42,1.45,2.13,1.23,3.11,515.49,1
12.94,3.46,1.79,21.83,112.8,1.5,1.21,0.29,0.77,5.85,0.5,2.04,551.7,2
11.8,3.74,2.3,18.2,101.62,3.13,3.1,-0.14,3.06,3.23,0.87,2.49,617.81,1
11.5,0.92,2.51,23.7,74.33,2.32,1.98,0.55,1.74,1.98,1.38,2.83,637.77,1
15.21,1.52,2.4,16.52,99.04,2.18,3.03,0.02,2.08,5.7,0.96,3.44,1197.17,0
13.26,3.23,2.3,19.31,88.99,1.57,0.15,0.55,0.83,6.05,0.6,2.22,610.3,2
12.51,1.46,2.58,18.77,104.48,2.51,2.02,0.15,1.7,3.82,1.02,2.74,1107.57,0
15.57,1.95,2.47,20.97,108.39,3.09,3.05,0.49,1.98,5.96,1.27,2.55,1246.54,0
12.63,1.35,1.6,17.6,84.96,2.64,2.44,0.2,1.65,2.54,1.04,2.9,417.22,1
12.36,1.79,2.34,22.3,97.2,0.74,0.91,0.53,1.5,2.84,1.26,1.85,891.39,1
13.46,2.26,2.71,18.37,105.12,2.78,2.86,0.46,1.61,5.71,1.17,2.94,1370.81,0
12.94,0.85,2.16,14.67,77.98,2.09,2.18,0.19,1.54,5.03,0.58,2.47,430.67,1
14.77,1.38,2,15.92,115.94,3.26,3.87,0.3,1.67,8.51,0.78,2.92,1629.26,0
14.42,2.02,2.8,18.27,115.11,2.82,2.1,0.38,1.8,4.16,1.29,2.98,1029.84,0
14.68,3.76,2.38,23.27,88.66,1.95,1.12,0.8,1.28,10.06,0.8,1.54,567.07,2
11.8,1.62,2.24,22.77,84.51,1.36,1.62,0.77,1.8,3.38,1.2,2.02,460.44,1
14.55,1.77,2.75,16.55,114.48,3.61,3.65,0.27,1.79,8.08,0.71,2.46,1719.45,0
12.02,1.25,2.34,15.28,99.28,2.03,1.47,0.66,0.52,5.64,1.03,1.35,489.55,1
13.4,2.68,2.32,23.27,118.21,1.28,1.33,0.2,1.13,9.69,0.64,1.64,473.67,2
12.98,3.54,2.31,13.85,138.84,3.26,2.93,0.12,1.78,5.75,0.79,3.29,715.7,0
15.25,1.69,1.95,14.73,86.5,2.77,2.2,0.16,2.1,4.33,1.35,3.77,1134.3,0
14.48,3.73,2.62,22.82,118.18,1.38,0.78,0.85,1.37,10.5,0.57,1.3,721.36,2
12.46,2.81,2.93,21.78,118.92,3,2.57,0.17,2.09,4.32,1.12,3.08,799.78,0
12.97,2.03,2.16,19.42,89.54,2.75,2.84,0.19,1.97,4.27,1.33,3.71,685.12,1
10.69,2.02,3.04,30.9,95.47,2.36,2.39,0.44,1.76,3.16,0.91,2.02,474.45,1
11.72,1.78,2.19,17.8,106.41,1.87,2.19,0.53,1.63,3.2,1.41,2.51,714.98,1
13.97,1.14,2.6,20.08,144.71,2.92,2.47,0.53,1.63,5.2,1.3,3.19,1339.1,0
15.1,1.52,1.99,14.54,88.73,3.15,2.98,-0.09,1.78,8.1,1.2,3.71,1047.5,0
14.2,1.95,2.35,19.56,94.29,2.19,2.17,0.45,1.42,4.07,1.4,3.95,1044.45,0
15.02,1.89,2.61,10.98,84.21,3.31,3.67,0.24,3.08,5.23,1.5,2.35,1038.83,0
12.39,2.85,2.76,23.11,122.81,1.19,1.48,0.18,1.34,8.28,0.62,1.13,457.77,2
13.2,2.74,2.35,23.07,95.7,1.17,0.71,0.65,0.93,9.42,0.53,1.89,660.84,2
12.06,0.6,2.41,19.07,88.06,2.23,2.04,0.79,1.3,2.72,1.3,2.36,437.43,1
13.02,2.54,2.11,18.44,114.79,1.53,0.67,0.36,1.41,8.48,0.47,1.69,874.62,2
15.71,1.45,2.35,14.35,91.27,3.1,3,0.31,2.31,5.35,1.41,2.49,1070.57,0
11.76,4.18,2.56,23.95,85.57,2.04,2.1,0.46,0.99,2.35,1.1,2.64,615.96,1
12.45,1.57,2.69,25.59,80.44,1.7,1.87,0.47,0.98,4.34,0.67,2.64,496.94,1
12.13,3.9,2.46,19.68,121.56,1.16,1.5,-0.03,0.91,9.06,0.47,0.97,502.07,2
11.99,3.51,2.71,20.86,103.92,1.75,1.04,0.4,1.15,4.45,0.81,1.06,572.6,2
11.79,3.26,2.48,19.54,105.79,1.4,0.97,0.33,1.12,5.29,0.99,1.52,640.92,2
10.74,2.12,3.38,25.9,126.62,3.24,5.75,0.53,1.65,5.57,0.86,3.47,458.27,1
11.89,2.11,2.64,17.4,86.39,2.02,1.37,0.42,1.64,3.02,1.25,2.41,455.87,1
11.66,1.1,2.01,19.71,87.29,1.71,1.37,0.24,1.16,2.65,1.01,2.85,593.77,1
12.72,1.66,2.79,15.55,123.16,3.54,3.8,0.64,2.1,6.39,0.6,3.07,1445.64,0
11,2.84,3.41,19.17,112.23,2.16,2.21,0.53,0.77,4.07,1.76,2.34,589.94,1
11.39,2.33,2.71,21.67,103.1,1.07,1.07,0.26,0.61,5.33,1.07,0.91,542.56,2
12.58,1.35,2.4,22.07,98.11,0.98,0.64,0.22,1.36,3.16,0.75,1.83,947.78,1
12.47,1.67,2.16,20.14,89.28,2.07,2.18,0.46,1.32,2.65,0.94,3.24,656.12,1
11.49,1.17,2.26,22.07,80.86,2.49,2.08,0.49,0.99,2.41,0.8,3.59,377.95,1
11.63,2.85,2.17,23.43,88.44,1.43,1.77,0.6,1.51,2.97,0.77,3.36,346.46,1
12.07,1.74,2.15,21.25,88.57,1.83,1.55,0.51,1.84,1.74,1.03,3.46,520.2,1
13.47,1.78,1.78,21.65,92.69,2.12,1.65,0.57,1.57,3.07,0.88,3.4,634.36,1
13.74,3.81,2.29,18.02,123.23,1.97,1.13,0.22,1.36,10.24,0.62,1.13,841.3,2
13.69,1.19,2.08,21.19,79.06,1.39,1.47,0.58,1.49,3.13,0.59,1.89,500.86,1
13.31,2.29,2.4,18.67,127.67,3.11,1.87,0.24,1.04,4.79,0.82,3.35,1179.08,0
12.63,1.19,2.21,24.95,76.01,2.31,1.65,0.5,1.33,1.26,1.15,3.36,604.99,1
13.18,1.53,2.37,17.3,97.92,3.2,3.01,-0.01,1.63,5.27,0.69,3.31,924.87,0
12.92,1.58,2.91,14.37,96.84,3.4,3.3,0.1,1.88,5.12,1.1,3.5,1068.11,0
13.9,4.3,2.8,22.42,101.03,1.92,0.68,0.49,1.23,8.18,0.88,1.98,573.36,2
12.33,3.61,2.24,20.56,86.91,2.07,1.59,0.58,2.03,1.29,0.76,3.04,522.62,1
14.24,1.88,2.76,19.13,104.55,3.1,2.8,0.24,1.64,3.57,1.6,4.07,838.12,0
11.57,0.99,2.24,21.64,78.45,2.28,1.68,0.15,1.31,2.18,1.53,2.47,573.36,1
13.52,2.55,2.15,20.91,102.05,1.58,0.34,0.5,0.76,5,0.41,2.5,609.29,2
14.97,2.34,3.18,17.67,106.7,3.1,2.94,0.45,2.02,4.36,1.06,3.84,911.68,0
13.2,4.46,2.16,18.93,93.97,3.03,2.22,0.32,1.56,4.76,0.84,2.99,676.88,0
14.28,1.93,2.94,15.83,96.32,3.04,3.19,-0.04,1.05,5.25,0.99,3.24,1068.75,0
13.51,1.91,2.72,30.78,131.47,3.19,3.06,0.19,1.84,3.47,1.61,3.63,941.36,1
12,3.45,2.93,18.75,93.92,1.71,0.34,0.2,1.22,11.03,0.91,1.53,663.85,2
11.81,2.72,2.58,16.13,80.54,2.47,1.88,0.31,1.93,1.87,0.92,3.22,297.08,1
12.41,2.06,2.45,20.36,80.84,2.23,1.56,0.3,1.58,3.41,1.29,3.06,677.51,1
13.14,1,1.71,14.3,72.17,2.92,2.85,0.48,2.29,5.04,1.3,3.35,507.07,1
14.46,1.7,2.14,17.02,100.94,2.02,3.02,0.18,1.84,4.94,0.79,3.42,1328.32,0
13.16,2.02,2.48,17.55,134.8,3.65,2.8,0.08,2.29,5.61,1,3.47,747.4,0
14.13,3.64,2.61,17.69,121.08,2.74,2.68,0.36,1.36,5.28,0.62,3.47,1082.31,0
12.93,1.69,2.4,14.91,115.75,2.76,3.04,0.19,2.03,5.41,0.78,3.65,989.9,0
13.22,1.74,2.38,13.25,104.13,2.4,2.55,0.24,2.14,5.03,0.96,3.67,1234.22,0
11.82,2.22,2.37,18.01,94.59,3.02,2.8,0.45,1.62,3.33,0.97,3.42,676.21,1
14.02,0.69,1.71,15.53,71.28,3.41,2.77,-0.08,2.05,5.75,0.94,3.48,483.87,1
12.81,1.4,2.38,24.53,90.94,1.96,1.62,1.14,1.62,2.08,1.33,2.86,503.94,1
12.86,5.33,2.85,22.01,99.26,1.58,0.44,0.44,1.04,8.04,1.15,1.87,719.07,2
12.68,4.02,2.38,23.3,87.6,2.42,0.48,0.72,1.23,9.64,0.19,1.47,514.37,2
13.88,3.24,2.68,23.95,105.32,2.27,0.46,0.33,0.73,4.85,1.14,2.31,621.35,2
14.32,1.57,2.77,24.14,85.39,3.02,0.66,0.61,2.56,12.53,0.64,1.89,663.9,2
13.17,4.01,2.45,23.87,78.99,1.51,1.5,0.77,1.57,5.21,1.09,2.15,522.19,1
12.32,2.19,2.23,16.77,125.31,2.95,3.63,0.15,2.06,6.84,0.39,3.49,816.95,0
11.82,6.25,2.26,25.17,93.14,1.95,0.35,0.7,0.87,4.67,0.63,1.87,522.11,2
12.63,1.81,3.04,17.56,118.27,2.8,3.19,0.29,1.47,6.89,1.2,3.38,1229.95,0
13.54,2.61,2.4,19.4,86.23,1.29,0.44,0.63,0.57,4.95,0.9,2.46,774.65,2
13.77,5.12,2.42,21.37,84.05,2.46,2.56,0.07,2.4,2.48,0.82,3.04,374.32,1
14.05,4.33,2.55,24.89,105.17,2.94,2.81,0.59,2.16,2.49,1.34,2.86,425.37,1
13.95,1.64,2.54,16.79,98.08,2.21,2.18,0.15,1.23,4.52,0.88,3.35,1024.21,0
12.18,1.44,2.76,19.16,106.25,2.75,3.58,0.2,1.41,6.45,1.22,3.63,1333.95,0
14.28,4.14,2.08,16.18,103.26,2.89,2.43,0.55,1.84,4.27,0.96,3.08,614.86,0
11.4,1.8,1.62,18.9,92.33,2.38,1.3,0.65,1.21,1.93,1.15,2.08,413,1
12.65,2.07,2.56,21.9,113.44,3.2,3.48,0.13,1.55,6.02,1.2,2.61,1022.88,0
11.59,1.28,1.89,20.3,72.69,1.49,1.58,0.04,1.59,3.26,1.09,1.75,525.58,1
12.08,1.26,2.42,17.33,85.51,2.33,2.32,0.49,1.78,2.36,0.76,2.98,335.99,1
13.01,2.92,2.58,22.37,107.88,1.47,1.5,-0.02,1.11,11.96,0.13,1.64,439.5,2
13.82,1.34,2.45,16.38,99.89,2.99,3.07,0.27,1.36,4.99,1.01,2.9,1087.21,0
13.02,1.86,2.49,18.18,102.79,2.44,3.08,0.27,1.49,3.31,0.93,3.62,893.79,0
12.24,5.81,2.56,24.19,97.03,1.59,0.86,0.38,1.39,5.04,0.59,1.81,533.23,2
11.6,3.99,2.41,19.51,80.1,2.41,3.33,0,2.99,2.63,0.51,3.68,376.71,1
15.49,4.13,2.47,20.28,83.64,1.51,0.69,0.37,1.58,9.18,0.55,1.46,459.13,2
14.67,1.57,2.92,20.57,137.71,2.56,2.86,0.58,1.21,5.66,1.12,3.4,1294.43,0
12.63,1.19,2.35,16.83,122.58,1.43,1.53,-0.05,0.86,4.3,0.76,1.29,608.31,2
11.26,1.96,1.94,21.18,89.04,2.31,1.61,0.29,1.45,2.59,0.75,2.57,411.85,1
12.9,3.86,2.82,21.82,105.1,1.86,0.61,-0.04,1.51,7.23,0.99,1.39,695.19,2
12.71,1.48,2.25,16.09,97.13,2.67,3.09,0.11,2.16,6.83,0.68,3.89,949.55,0
14.27,1.45,2.49,24.16,81.36,3.15,2.59,0.12,1.99,3.53,1.13,3.44,426.27,1
14.19,1.74,2.78,17.51,97.96,2.41,2.69,0.46,1.85,3.75,1.47,4.2,976.6,0
13.19,3.48,2.4,19.17,107.85,2.49,2.64,0.21,1.6,4.15,1.03,2.35,698.38,0
12.11,4.67,2.72,21.61,100.11,1.71,0.82,0.42,2.11,6.97,0.64,1.41,717.65,2
12.36,3.45,2.89,23.89,110,1.85,0.55,0.28,1.02,4.96,0.64,2,605.67,2
15.51,2.23,2.12,19.87,99.93,1.63,0.57,0.63,1.07,10.62,0.48,2.11,719.8,2
11.75,1.3,2.32,14.15,96.34,2.31,1.22,0.76,0.63,3.21,1.05,1.56,706.55,1
12.89,2.49,3.58,24.04,133.1,2.93,3.14,0.46,1.81,3.27,1.31,3.41,759.85,0
11.45,1.11,1.94,17.57,105.03,2.11,1.53,0.78,0.62,6.52,1.3,1.79,458.56,1
12.59,2.82,1.79,18.25,95.51,2.85,2.42,0.42,2.04,1.75,1,3.44,313.57,1
15.09,1.58,3.04,25.1,91.42,2.63,1.01,0.33,3.06,13.85,0.47,2.1,642.49,2
12.82,3.05,2.17,18.44,85.29,2.83,3.14,0.81,2.44,2.52,1.18,2.54,391.9,1
12.06,1.71,2.92,18.59,97.51,2.58,2.66,0.24,1.04,4.65,0.89,2.6,1165.88,0
13.19,1.62,2.66,15.4,86.4,2.7,2.6,0.25,1.64,4.77,0.95,4.04,1240.36,0
11.93,1.29,2.79,16.53,104.86,2.55,2.63,0.46,2.77,5.05,0.97,2.17,626.34,1
10.9,1.64,2.39,26.15,81.39,1.88,2.71,0.16,1.83,2.56,0.89,2.78,322.53,1
13.19,3.2,2.29,17.49,104.07,2.09,0.93,0.83,1.72,11.04,0.21,1.52,691.07,2
12.22,2.02,1.84,15.14,94.93,1.75,1.37,0.35,1.37,3.66,1.52,2.33,464.92,1
14.23,1.57,2.49,24.28,81.72,1.81,2.25,0.48,0.97,4.06,0.89,2.94,448.28,1
14.04,0.83,2.5,17.99,114.46,2.1,1.27,0.7,0.23,3.08,1.22,1.83,767.34,1
14.02,0.86,1.58,15.66,86.67,1.87,2,0.19,1.86,4.54,1.32,2.73,407.26,1
12.72,2.28,2.7,19.11,94.98,3.33,3.65,0.06,2.57,5.76,1.13,3.49,1469.9,0
11.33,2.9,2.04,18.61,91.18,2.83,2.21,0.22,2.03,2.36,1.19,3.37,303.13,1
14.16,1.39,2.67,15.14,105.04,4.27,3.6,0.4,1.9,6.43,0.85,3.37,1335.06,0
11.49,1.82,2.5,23.74,83.48,2.12,1.44,0.5,1.23,2.62,1.32,2.59,660.1,1
12.73,0.7,1.96,18.16,104.11,2.63,1.62,0.43,1.12,2.77,0.91,1.85,761.42,1
12.37,1.58,2.17,22.17,103.95,2.68,2.06,0.24,1.33,2.26,1.07,3.05,333.29,1
12.88,2.64,1.45,19.83,90.88,2.51,2.75,0.62,1.51,3.05,0.7,3.15,363.2,1
13.47,1.65,2.25,17.48,111.65,2.88,3.23,0.08,2.11,9.85,1.14,3.5,1278.69,0
12.28,1.34,2.5,16.39,92.33,1.86,1.14,0.68,0.49,3.04,1.53,1.33,644.89,1
13.01,1.72,2.86,15.98,131.49,2.69,2.7,0.43,2,5.66,1.28,4.19,1089.93,0
13.05,4.57,2.98,26.72,105.61,2.03,0.71,0.52,0.8,8.42,0.88,2.03,582.84,2
12.04,3.65,2.17,14.56,86.05,1.7,1.13,0.36,0.45,3.12,0.67,2.23,339.33,1
13.72,2.37,2.07,18.94,95.17,1.24,0.52,0.07,0.84,5.54,0.78,2.41,709.27,2
14.42,1.69,2.23,11.11,101.16,2.93,2.38,0.03,1.55,4.49,1.16,3.36,1109.01,0
11.84,2.19,2.09,18.85,99.72,2.44,2.55,0.47,1.04,2.97,1.59,2.72,649.98,1
12.7,1.21,1.98,22.51,83.8,2.15,1.53,0.41,1.59,1.65,0.78,2.81,494.18,1
12.55,1.85,1.85,12.77,98.98,3.2,3.35,0.1,2.44,7.64,1.25,3.2,1134.09,0
12.59,3.2,2.24,23.58,104.13,1.83,0.72,0.23,1.46,4.55,0.39,1.55,809.83,2
13.02,3.46,2.3,26.06,96.67,1.58,0.26,0.77,1.05,8.03,0.47,1.65,909.26,2
11.01,1.99,2.47,22.52,122.17,1.19,0.75,0.1,1.23,2.39,0.81,1.91,618.28,1
14.36,0.92,1.71,16.27,95.34,2.28,1.84,-0.02,0.72,3.62,1.38,2.76,669.21,1
11.76,3.93,2.49,17.7,107.49,1.48,0.59,-0.05,1.06,7.65,0.53,2.17,797.38,2
12.75,1.32,2.42,15.76,107.95,2.15,1.08,0.26,0.55,3.31,1.18,2.13,750.67,1
12.45,1.95,2.49,17.84,100.87,3.33,3.51,0.27,1.45,5.53,1.05,3.18,1290.05,0
12.23,1.12,3.13,18.01,95.47,2.82,2.72,-0.06,2.21,2.82,0.87,3.32,693.88,1
11.72,2.72,2.62,21.01,102.9,1.67,0.82,0.7,1.09,5.61,0.91,2.27,544.6,2
13.02,1.81,2.19,19.73,81.53,2.06,1.39,0.88,1.82,2.15,1.08,2.62,459.88,1
14.85,2.06,2.32,17.98,105.15,2.51,3.28,-0.13,2.84,6.48,1.06,2.64,1155.31,0
13.36,1.46,2.72,19.54,129.04,3.15,2.49,0.7,1.72,5.3,1.19,3.4,1251.42,0
14.86,3.42,2,15.2,94.25,3.34,3.31,0.58,2.62,4.71,1.07,3.12,1070.23,0
13.57,4.15,2.41,22.14,91.34,1.45,1.75,1.04,1.75,4.47,0.82,2.5,518.12,1
14.25,1.79,2.84,18.78,108.45,3.11,3.55,0.36,1.61,6.8,1.6,2.83,1215.89,0
14.69,4.01,2.63,25.12,86.64,1.89,0.8,0.69,1.37,8.36,0.3,1.67,506.52,2
13.23,1.35,2.07,16.38,107.85,2.66,1.14,0.3,0.73,6.26,1.06,1.9,420.42,1
11.68,2.19,1.84,24.2,82.89,1.13,1.81,0.61,1.82,3.59,1.17,2.39,491.18,1
12.4,1.76,2.07,19.4,78.48,2.45,2.3,-0.15,1.32,2.96,1.2,3.56,347.09,1
14.5,2.5,2.64,17.63,118.36,1.64,0.85,0.57,1.44,8.56,0.24,1.49,794.95,2
13.43,3.62,2.43,20.49,96.15,2.01,1.03,0.56,1.03,7.37,0.65,1.41,522.64,2
12.85,2.13,1.34,15.94,98.43,2.54,1.95,0.22,1.15,3.14,1.31,2.72,670.16,1
13.56,1.02,2.72,18.29,100.19,2.37,2.48,0.44,1.59,5.09,1.31,3.08,1259.16,0
11.16,2.92,1.97,18.99,100.75,3.03,2.23,0.6,1.1,2.69,0.94,3.14,407.15,1
13.61,2.1,2.57,17.38,84.51,1.74,0.79,0.55,0.65,9.36,0.57,1.81,472.42,2
13.53,1.62,2.4,11.09,90.72,2.96,2.54,0.3,1.53,4,1.29,3.04,1135.86,0
13.25,1.27,2.05,22.48,89.18,2.73,3.28,0.61,1.73,4.12,0.75,2.94,344.72,1
12.91,1.54,2.36,32.76,133.56,3.44,2.83,0.12,2.29,2.95,1.48,3.65,943.56,1
11.97,4.27,2.12,21.66,110.42,1.65,1.07,0.25,1.09,8.91,0.39,1.63,594.77,2
11.95,3.91,2.27,20.98,118.35,1.24,1.28,0.11,1.1,9.18,0.51,1.42,574.63,2
11.1,4.22,2.67,19.35,87.77,3.25,2.92,0.37,3.12,3.3,0.88,3.46,368.31,1
13.44,2.11,1.61,12.26,97.28,2.49,3.39,0.09,3.32,7.32,0.94,3.25,1131.44,0
12.05,4.28,2.45,22.43,84.86,1.57,1.91,0.35,1.52,4.26,0.72,2.03,562.56,1
15.4,1.93,2.94,16.38,122.93,2.67,2.54,0.64,1.12,5.08,0.86,3.79,1186.53,0
12.3,1.85,2.49,19.91,75.85,1.47,1.19,0.39,2.17,2.52,1.26,2.19,454.91,1
14.36,1.6,2.3,15.85,115.8,3.04,3.24,0.03,1.71,6.44,1.15,3.33,933.22,0
11.87,3.51,2.22,19.47,88.14,1.46,0.67,0.44,0.83,9.56,0.82,1.7,663.47,2
12.5,2.71,3.43,21,125.49,3.04,2.17,0.65,2.07,3.95,0.93,3.1,728.69,0
13.6,4.68,2.22,18.17,96.32,2.15,0.62,0.43,0.86,4.18,0.87,1.81,502.02,2
12.52,5.11,2.78,25.06,108.46,2.34,1.93,0.11,1.65,1.97,1.1,3.24,376.36,1
13.17,3.14,2.39,25.32,89.55,1.98,0.36,1.16,0.65,4.48,0.89,1.63,487.78,2
13.73,2.32,2.73,19.86,93.33,1.01,0.58,0.24,0.3,5.08,0.69,2.39,770.45,2
15.21,1.65,2.39,21.67,109.06,3.25,2.97,0.35,2.68,5.99,1.15,3,1146.93,0
13.6,3.47,2.92,23.14,90.78,1.26,0.55,0.36,0.58,4.12,1.02,2.09,562.41,2
12.8,3.78,2.49,14.64,107.88,2.49,3.11,0.18,1.6,5.52,0.76,3.23,801.23,0
12.9,2.19,2.33,21.61,97.97,1.48,0.91,0.38,1.09,10.39,0.68,1.69,698.91,2
13.31,3.86,1.92,16.51,96.79,2.54,2.32,0.17,1.77,4.38,1.02,2.6,623.33,0
13.15,0.86,2.08,16.16,91.03,2.01,0.34,0.29,1.67,4.99,0.65,1.93,603.31,2
12.08,1.39,2.16,26.55,90.91,1.85,2.66,0.26,2.24,1.98,1.15,2.92,362.09,1
13.41,1.99,2.37,14.44,88.91,2.69,2.94,0.55,2.06,5.04,1.45,3.03,1315.57,0
11,1.89,2.97,28.82,98.12,2.59,2.25,0.6,1.87,3.25,1.04,2.46,467.68,1
12.91,2.17,3.08,25.63,120.85,2.85,2.14,0.63,2.04,3.33,1.4,2.89,878.58,0
12.81,3.78,2.58,22.34,97.26,1.96,0.39,0.73,1.43,7.8,0.38,1.23,745.35,2
13.96,4.77,2.39,24.35,111.03,1.84,1.01,-0.07,0.98,9.15,0.86,1.85,595.49,2
11.2,3.84,2.47,18.82,120.22,1.48,1.06,0.19,1.15,7.41,0.54,1.91,817.98,2
12.37,1.52,2.35,14.82,80.07,2.14,2.37,-0.06,1.75,2.95,1.12,2.73,425.41,1
11.31,1.37,2.11,19.89,81.47,2.2,2.03,0.41,1.14,4.59,1.02,2.98,466.62,1
10.95,2.57,1.82,19.23,103.25,2.55,2.51,0.13,1.83,3.64,0.98,3.38,587.03,1
12.59,3.25,2.23,20.1,104.31,1.47,0.35,0.61,1.19,3.71,0.9,1.76,886.8,2
12.31,1.81,2.17,19.52,94.9,2.95,2.18,0.11,1.79,2.93,1.08,2.74,311.45,1
13.05,1.04,2.21,21,110.62,1.53,0.7,0.62,1.47,7.81,0.57,1.53,618.8,2
11.62,1.5,2.22,22.33,81.92,2.93,3.5,0.52,1.85,3.67,0.69,2.73,320.48,1
12.95,4.55,2.32,19.38,83.61,1.69,0.69,0.46,1.72,8.61,0.46,1.46,516,2
13.43,3.73,1.87,17.96,116.39,1.53,0.75,0.3,0.82,4.74,0.95,1.95,697.29,2
10.07,1.48,2.39,21.82,86.59,2.99,3.12,0.32,2.34,2.45,1.06,3.5,735.18,1
11.75,0.7,2.18,21.31,79.82,2.58,2.23,0.63,1.22,3.2,0.77,2.32,401.06,1
11.59,5.03,2.54,27.03,107.18,2.12,2.31,0.47,1.53,2.17,1.19,2.93,366.65,1
13.52,5.54,2.68,19.7,93.72,1.9,0.66,1.01,1.11,7.97,0.93,1.71,799.57,2
11.89,1.71,2.28,20.05,93.93,2.04,2.17,0.34,1.45,3.69,1.17,3.22,655.8,1
13.41,1.61,2.79,17.66,108.94,2,2.48,0.17,1.56,4.37,1.07,2.5,1152.12,0
13.9,1.86,2.79,15.68,95.41,3.34,3.21,0.17,1.37,6.38,1.19,2.9,1374.63,0
10.9,1.25,1.81,17.13,76.23,1.61,2.18,0.7,1.78,3.49,0.97,3.27,486.37,1
12.14,2.08,2.07,18.24,116.58,3.24,2.66,0.38,2.18,4.79,0.84,3.73,861.73,0
12.68,2.26,2.98,23.26,90.35,3,2.12,0.28,1.46,2.68,0.62,3.68,405.69,1
13.27,1.41,2.87,21.39,103.88,3.06,3.39,0.56,1.68,6.95,1.16,2.62,1205.13,0
13.06,1.09,1.11,10.19,91.24,2.22,0.55,0.21,0.44,1.79,0.76,1.73,552.49,1
11.8,4.57,1.98,17.91,121.09,1.32,0.37,0.18,1.15,8.39,0.81,2.02,882.4,2
12.75,2.78,2.16,17.78,117.56,2.04,1.38,0.48,0.68,2.39,0.99,2.55,547.44,1
12.11,2.63,2.75,20.18,116.08,1.29,0.79,0.75,1.69,9.97,0.84,1.7,826.37,2
13.91,4.54,2.52,23,80.35,1.72,0.89,0.62,1.08,7.47,0.53,2,607.58,2
13.74,1.9,2.3,17.82,82.08,2.45,2.25,0.42,1.77,5.92,0.77,2.87,1295.45,0
12.78,4.21,2.13,22.9,94.33,1.08,0.5,0.82,1.07,6.16,0.74,2.09,502.15,2
11.72,1.6,2.43,19.67,96.92,3.42,2.67,0.01,1.07,3.74,1.17,2.65,353.84,1
13.12,1.77,2.57,18.7,105.58,2.97,2.51,0.51,1.74,4.07,1.64,2.94,920.44,0
12.47,2.05,2.21,16.97,95.78,3.04,2.56,0.06,1.54,3.66,0.82,3.08,356.87,1
13.21,2.3,2.41,19.58,91.5,3.11,3.05,0.39,3.19,5.11,0.73,2.93,1071.52,0
13.68,6.35,1.93,21.1,93.67,2.98,2.9,0.58,2.11,2.94,0.84,3.03,410.21,1
10.91,1.73,1.92,25.13,72.75,1.87,1.8,0.15,1.07,1.42,0.96,3.74,575.15,1
13.88,3.42,1.99,21.35,85.8,1.37,0.27,0.22,1.32,10.95,0.63,1.89,619.68,2
13.25,1.99,2.27,22.11,111.61,2.16,2.03,0.43,1.57,2.12,1.29,3.3,366.74,1
11.9,0.91,2.79,23.47,87.41,2.49,2.45,0.26,0.69,2.84,0.77,2.96,352.78,1
12.1,2.55,2.4,18.37,83.98,2.17,1.96,0.28,1.83,2.54,0.8,3.26,295.83,1
12.64,1.61,2.71,23.39,80.77,1.49,1.08,0.38,1.67,3.71,0.78,2.83,425.54,1
15.14,1.8,2.16,14.06,112.23,3.59,3.05,0.51,2.27,7.46,1.19,2.61,1340.66,0
12.35,3.76,2.46,18.74,106.58,1.72,0.69,0.46,1.18,6.01,0.89,1.65,708.68,2
14.2,3.76,2.02,19.74,101.21,2.7,2.4,0.19,1.23,5.27,1.14,3.4,1040.49,0
13.68,4.3,2.63,20.11,78.04,1.77,0.57,0.23,0.97,7.25,0.67,1.82,611.53,2
14.35,2.07,2.65,16.05,112.22,4.55,3.43,0.3,2.55,7.63,0.95,3.43,1532.54,0
13.29,2.81,2.56,21.38,85.2,1.58,0.56,0.87,0.91,9.05,0.45,1.72,494.91,2
12.8,1.83,2.55,19.81,110.52,2.95,3.83,0.16,2.28,5.77,0.93,2.46,1283.94,0
14.21,2.1,2.48,17.64,110.09,3.18,3.05,0.29,2.63,6.56,0.96,2.83,1151.64,0
12.85,3.13,2.54,18.04,102.51,1.68,0.92,0.69,1.6,9.72,0.53,1.47,629.04,2
11.66,1.66,2.51,22.76,104.79,2.06,2.14,0.12,1.47,2.09,1.29,2.79,343.99,1
14.02,1.88,2.77,18.21,118.77,3.84,3.25,0.5,2,8.53,1.14,2.96,1366.81,0
11.57,2.44,2.48,18.55,94.73,1.83,2.28,0.3,1.13,4.08,1.31,2.54,625.82,1
12.3,1.2,2.45,20.21,109.61,3.1,2.08,-0.01,1.66,3.31,1.3,3.29,898.85,1
12.86,3.26,1.84,20.83,81.31,1.42,0.2,0.37,0.74,4.89,0.77,1.89,632.36,2
10.61,2.22,3,29.08,112.8,3.58,5.3,0.65,2,5.73,0.98,3.92,475.58,1
13.61,2.38,2.16,22.68,82.05,1.63,1.71,0.33,1.56,2.52,1.17,2.78,291.35,1
10.62,2.45,2.49,22.47,124.06,1.85,0.98,0.24,1.46,2.34,0.82,2.71,593.98,1
12.29,1.43,1.97,23.85,91.46,1.4,1.92,0.83,1.64,3.48,1.33,2.47,524.08,1
10.4,1.81,1.71,17.72,93.52,1.96,1.63,0.29,1.24,3.73,1.5,2.36,411,1
13.51,1.67,1.86,16.52,105.73,2.83,3.19,0.14,2.5,6.33,0.97,3.62,930.51,0
12.46,1.72,2.62,14.8,97.46,3.09,2.87,0.09,1.17,5.33,0.83,3.39,1229.07,0
13.53,1.89,3.01,27.22,114.77,2.51,2.67,0.49,1.94,3.74,0.79,2.93,828.01,0
12.92,0.77,2.15,19.11,101.98,2.27,1.93,0.4,1.6,2.78,1.34,3.04,436.26,1
12.42,1.36,1.79,11.75,92.6,3.1,3.64,0.47,2.58,6.61,1.29,2.83,1196.58,0
14.61,1.82,1.84,14.08,100.05,2.47,3.02,0.32,2.3,5.24,1.51,3,1081.41,0
12.87,1.48,2.89,16.49,93.98,2.7,3.02,-0.04,2.2,5.15,1.43,3.47,1288.67,0
13.64,1.31,2.77,17.45,94.4,3,2.46,0.46,1.43,4.55,0.7,2.45,1056.26,0
11.49,3.09,3.08,27.85,100.32,2.17,0.81,0.51,1.13,7.13,0.66,1.82,820.76,2
11.69,0.75,1.83,9.81,90.22,2.1,0.61,0.24,0.44,1.9,0.82,1.92,484.21,1
12.86,3.25,2.47,23.76,92.34,1.94,0.91,0.19,1.41,9.23,0.41,1.94,622.2,2
13.51,1.63,2.93,15.31,110.61,2.94,3.62,0.51,1.89,8,1.37,2.69,1834.7,0
15.22,1.59,1.93,10.9,106.72,2.94,4.07,0.06,2.76,7.33,1.15,2.96,1522.96,0
12.66,3.87,2.67,20.02,121.81,1.62,0.24,0.33,1.08,9.98,0.5,1.33,886.91,2
13.24,1.19,1.69,15.51,147.22,1.92,1.1,0.29,1.99,2.9,0.98,2.65,737.97,1
12.49,3.36,2.27,18.89,97.47,1.49,0.61,0.45,1.09,3.64,0.72,1.58,839.58,2
13.72,4.91,2.87,22.84,116.21,2.03,1.16,0.42,1.13,8.92,0.64,1.86,601.41,2
14.61,2.22,2.75,21.37,131.03,2.6,2.95,0.39,1.69,6.77,0.98,2.38,1333.5,0
13.4,1.44,2.98,23.91,80.02,2.95,2.69,0.35,2.01,3.72,1.56,3.42,439.04,1
11.49,3.71,2.26,24.11,103.05,2.77,2.37,0.61,2.1,2.8,1.5,2.89,454.7,1
11.01,1.49,2.76,28.3,92.25,2.09,1.15,0.32,1.03,2.23,1.46,3.3,592.07,1
11.45,1.31,1.99,17.59,100.67,2.31,2.47,0.57,1.94,2.69,1.06,3.06,302.48,1
11.6,2.21,2.03,19.18,89.25,2.46,2.49,0.25,1.21,2.03,1.05,3.23,303.22,1
12.8,2.24,2.62,27.47,105.26,2.22,1.22,0.74,2.01,6.98,0.47,1.57,408.51,2
13.2,2.72,2.32,18.19,103.43,1.28,0.82,0.27,0.56,5.74,0.67,2.06,461.29,2
11.37,2.66,2.05,16.68,120.29,1.97,1.1,0.49,0.97,3.28,0.93,2.6,467.28,1
13.09,1.37,1.84,17.84,76.23,1.94,1.76,0.35,0.73,4.74,1.32,3.3,554.41,1
14.43,2.06,2.3,16.9,118.91,2.89,3.25,0.37,1.67,6.44,0.82,2.99,1509.19,0
14.58,2.4,2.68,21.91,115.21,1.2,0.93,0.61,1.53,9.2,0.83,1.62,708.98,2
13.07,2.73,2.43,23.86,97.64,1.85,1.01,0.46,1.6,8.76,0.85,1.97,706.97,2
12.37,3.65,2.49,22.95,103.81,1.54,0.5,0.74,1.33,5.16,0.73,1.92,595.9,2
13.65,3.07,2.05,18.58,95.36,0.95,0.87,0.48,1.09,5.66,0.48,1.34,510.35,2
14.28,2.08,2.85,16.05,116.39,2.88,2.6,0.56,1.54,6.44,1.69,3.26,1243.81,0
12.91,5.05,2.17,18.36,94.14,2.22,0.61,0.45,1.1,5.05,1.07,1.74,531.51,2
12.82,1.49,2.1,16.87,94.28,3,3.4,0.41,1.45,7.85,0.95,3.44,1123.05,0
14.18,1.34,2.37,17.26,97.35,1.99,2.02,0.29,1.17,4.52,0.9,2.68,1288.77,0
13.18,2.05,2.26,23.2,83.49,1.45,2.06,0.43,1.75,2.86,0.99,2.43,457.52,1
15.09,1.54,2.3,24.29,103.66,2.91,1.46,0.54,2.43,12.35,0.85,1.68,656.45,2
13.58,1.82,2.42,23.19,110.93,2.31,1.57,0.39,1.83,7.31,0.28,1.21,389.64,2
11.24,0.9,2.46,22.68,92.53,2.75,2,0.53,1.19,2.56,1.28,2.35,390.7,1
13.27,1.81,2,20.35,83.65,3.31,3.18,0.79,1.78,4.33,0.5,2.77,359.97,1
13.02,2.06,2.04,20.43,98.92,2.37,3.12,0.67,2.28,6.2,0.83,2.63,956.33,0
12.23,1.09,1.83,18.38,90.3,2.39,1.67,0.43,2.19,2.74,1.07,3.35,322.09,1
12.93,2.2,2.74,21.35,94.06,3.03,2.72,-0.04,1.93,4.55,1.23,3.55,954.39,0
11.91,1.84,1.52,20.64,89.86,2.6,1.83,0.46,1.74,1.79,1.24,2.27,453.08,1
11.69,1.28,3,18.33,89.01,2.6,2.76,0.57,2.19,4.58,1.12,2.35,618.81,1
11.26,1.47,2.49,19.92,80.11,3.17,3.03,0.17,2.27,4.22,1.08,2.79,438.48,1
12.91,1.52,1.9,15.06,107.83,2.26,2.41,0.06,1.38,3.33,1.35,3.11,952.74,0
13.64,1.54,2.49,16.66,110.94,3.41,3.03,0.46,1.82,6.75,0.99,2.47,1321.74,0
12.46,1.08,2.57,22.87,110.63,3.57,2.12,-0.2,1.88,3.22,0.91,3.17,873.55,1
11.26,1.18,1.81,23.02,93.42,2.7,2.37,0.47,2.01,1.76,1.5,2.62,415.5,1
13.41,1.82,2.67,18.19,103.2,2.62,2.95,-0.04,2.18,5.39,1.51,3.76,1372.76,0
12.64,2.87,2.94,21.91,114.68,1.49,1.11,0.65,1.28,11.05,0.24,1.65,508.08,2
13.05,3.48,2.27,20.2,79.07,2.19,1.95,0.35,1.71,1.02,1.02,3.02,608.24,1
13.19,1.85,2.65,16.82,111.67,2.57,2.98,0.39,1.35,6.55,1.35,3.18,1266.21,0
12.35,2.34,2.38,23.97,102.11,1.33,1.61,0.17,1.02,11.35,0.51,1.62,456.08,2
14.34,1.58,2.41,15.32,95.81,3.06,3.54,0.24,2.09,5.94,0.93,3.5,944.79,0
12.89,5.09,1.99,19.05,88.04,1.42,0.6,0.54,0.73,4.47,0.52,1.35,702.95,2
15.41,1.75,2.23,15.37,93.74,2.86,2.52,0.44,2.14,4.34,1.15,3.74,1135.27,0
11.9,1.54,2.03,16.64,99.66,1.5,1.82,0.2,0.93,4.15,1.07,2.33,390.36,1
14.87,2.01,2.28,18.07,107.84,3.1,3.28,0.46,2.34,5.61,1.1,3.15,1614.69,0
14.16,3.04,2.52,21.29,98.6,1.17,1.28,0.33,0.66,4.82,0.76,1.86,576.91,2
13.53,1.75,2.74,16.84,121.83,2.95,2.77,0.22,1.69,6.73,1.21,3.06,1275.66,0
16.24,1.7,2.12,13.04,102.28,3.48,2.73,-0.08,2.17,5.29,0.92,3.19,1136.28,0
14.57,3.57,2.31,18.73,87.72,2.42,2.35,-0.17,1.7,3.92,0.57,2.98,1010.4,0
14.02,1.56,2.53,14.08,117.21,2.21,2.52,0.32,1.08,4.03,0.91,2.73,881.57,0
11.82,2.36,3.17,21,123.09,1.64,1.09,-0.43,1.5,2.43,1.04,2.46,587.38,1
11.75,2.94,2.88,23.63,102.26,2.01,0.26,0.37,1.1,5.11,1,2.35,561.76,2
11.29,1.85,2.24,15.02,97.86,1.5,1.95,0.43,1.41,3.52,1.07,2.25,460.74,1
11.34,2.26,2.49,20.12,84.76,2.31,2.44,0.37,1.54,2.68,0.61,3.51,355.11,1
12.51,1.67,2.23,11.65,94.74,2.64,1.96,0.41,0.99,4.57,1.08,3.36,1142.55,0
12.54,2.25,3.17,22.43,126.13,2.86,2.56,0.12,1.59,4.84,0.76,2.71,754.24,0
14.37,2.1,2.33,17.18,88.88,2.33,3.01,0.41,1.66,6.04,0.82,2.96,1301.04,0
11.42,0.71,1.73,10.51,79.62,2.07,0.31,0.42,0.45,1.84,0.73,2.2,566.26,1
12.94,2.79,1.94,21.97,90.43,2.91,2.34,0.31,0.98,2.27,0.71,2.56,323.55,1
14.67,4.29,2.87,18.81,85.24,1.66,0.89,0.3,1.83,8.45,0.24,1.92,441.51,2
12.39,1.44,3.01,27.86,95.99,2.06,1.62,0.32,1.53,2.92,1.71,3.31,615.05,1
12.6,3.66,2.43,18.11,91.56,2.88,2.84,0.92,2.72,2.42,1.1,3.18,421.94,1
11.69,1,2.29,16.6,93.7,2.39,2.2,0.44,2.05,3.32,0.64,3.29,524.91,1
11.01,1.07,2.84,18.61,97.51,1.51,1.9,0.53,1.1,3.03,1.78,1.99,353.14,1
11.1,2.94,1.88,17.83,94.63,1.9,1.33,-0.02,1.92,0.78,0.78,2.58,560.92,1
11.14,1.69,3.59,26.17,124.4,3.45,5.17,0.47,2.22,5.72,1.22,3.49,444.5,1
13.45,1.45,3.02,16.6,103.94,2.96,4.1,-0.01,2.1,6.12,1.06,2.8,1184.18,0
12.86,2.92,2.44,25.11,117.18,1.58,1.78,-0.06,1.27,8.86,0.52,1.27,524.23,2
12.78,3.18,1.92,18.93,117.88,1.68,1.04,0.37,1.29,2.85,0.81,2.37,520.79,1
12.14,4.01,1.66,18.25,109.67,2.87,2.71,0.11,3.02,3.28,0.22,2.89,573.17,1
11.22,0.92,2.45,18.38,92.95,2.2,2.14,0.43,2.03,2.94,0.39,3.45,472.29,1
14.72,3.05,2.42,22.31,101.46,1.41,0.61,0.88,0.7,4.63,1.13,1.69,500.38,2
10.33,2.28,2.83,23.48,81.91,2.61,1.74,0.32,1.57,3,0.95,2.75,627.32,1
12.81,0.7,2.67,16.21,99.9,2.19,2.17,0.47,1.9,2.23,1.14,3,431.35,1
13.04,1.88,2.42,15.3,110.84,3.61,3.33,0.26,2.05,8.52,0.97,3.77,1337.72,0
12.18,1.5,1.58,16.68,88.18,2.62,2.31,-0.2,1.52,2.83,1.36,2.54,467.64,1
